s1.age,s1.zipcode,s1.gender,base,smokers,drinkers
18,30309,f,11,2,7
19,30309,f,41,4,12
20,30309,f,41,1,8
21,30309,f,75,8,29
22,30309,f,83,3,27
23,30309,f,87,7,33
24,30309,f,104,5,50
25,30309,f,118,9,53
26,30309,f,118,5,43
27,30309,f,124,7,44
28,30309,f,159,13,67
29,30309,f,158,8,54
30,30309,f,115,6,48
31,30309,f,106,6,36
32,30309,f,115,4,42
33,30309,f,92,6,43
34,30309,f,100,7,35
35,30309,f,81,5,29
36,30309,f,80,3,29
37,30309,f,88,7,42
38,30309,f,97,2,37
39,30309,f,83,2,29
40,30309,f,90,3,43
41,30309,f,70,4,33
42,30309,f,59,1,16
43,30309,f,73,2,32
44,30309,f,76,3,26
45,30309,f,69,3,20
46,30309,f,61,2,23
47,30309,f,54,6,20
48,30309,f,53,1,24
49,30309,f,67,6,28
50,30309,f,51,2,26
51,30309,f,41,2,15
52,30309,f,48,3,18
53,30309,f,41,3,20
54,30309,f,35,1,12
55,30309,f,33,2,18
56,30309,f,32,2,14
57,30309,f,25,1,10
58,30309,f,35,2,11
59,30309,f,29,1,11
60,30309,f,18,1,7
61,30309,f,19,2,8
62,30309,f,14,0,1
63,30309,f,3,0,1
64,30309,f,10,1,5
65,30309,f,7,0,1
18,30309,m,19,0,4
19,30309,m,54,6,17
20,30309,m,65,5,22
21,30309,m,123,4,34
22,30309,m,177,10,54
23,30309,m,188,10,68
24,30309,m,217,15,77
25,30309,m,212,19,73
26,30309,m,234,18,82
27,30309,m,305,24,110
28,30309,m,292,17,96
29,30309,m,306,19,88
30,30309,m,247,12,80
31,30309,m,268,22,81
32,30309,m,252,7,66
33,30309,m,235,10,77
34,30309,m,218,10,71
35,30309,m,186,4,53
36,30309,m,212,14,70
37,30309,m,193,10,69
38,30309,m,212,5,62
39,30309,m,169,6,53
40,30309,m,140,8,52
41,30309,m,140,3,35
42,30309,m,122,7,36
43,30309,m,110,4,36
44,30309,m,94,6,31
45,30309,m,102,4,29
46,30309,m,95,10,34
47,30309,m,76,2,25
48,30309,m,106,4,31
49,30309,m,77,7,29
50,30309,m,55,1,19
51,30309,m,61,2,16
52,30309,m,49,2,20
53,30309,m,42,3,11
54,30309,m,45,3,15
55,30309,m,38,0,11
56,30309,m,44,3,17
57,30309,m,37,1,10
58,30309,m,39,1,16
59,30309,m,22,0,8
60,30309,m,12,2,5
61,30309,m,16,1,7
62,30309,m,15,0,5
63,30309,m,6,0,3
64,30309,m,3,0,1
65,30309,m,4,0,1
18,2110,f,20,3,12
19,2110,f,78,10,32
20,2110,f,84,6,39
21,2110,f,103,4,43
22,2110,f,177,9,74
23,2110,f,162,4,74
24,2110,f,199,6,85
25,2110,f,179,8,76
26,2110,f,195,15,83
27,2110,f,207,12,97
28,2110,f,196,15,84
29,2110,f,158,10,68
30,2110,f,156,7,57
31,2110,f,150,15,69
32,2110,f,123,6,55
33,2110,f,149,6,57
34,2110,f,112,4,42
35,2110,f,110,7,47
36,2110,f,123,9,59
37,2110,f,109,10,46
38,2110,f,135,6,59
39,2110,f,120,10,63
40,2110,f,121,7,49
41,2110,f,107,13,49
42,2110,f,98,4,38
43,2110,f,109,11,44
44,2110,f,115,10,51
45,2110,f,113,6,39
46,2110,f,83,3,37
47,2110,f,101,7,45
48,2110,f,94,9,44
49,2110,f,88,6,39
50,2110,f,89,6,39
51,2110,f,96,4,43
52,2110,f,89,7,33
53,2110,f,78,5,28
54,2110,f,71,1,31
55,2110,f,65,1,21
56,2110,f,53,1,23
57,2110,f,42,2,15
58,2110,f,35,1,14
59,2110,f,41,0,15
60,2110,f,32,1,16
61,2110,f,25,0,10
62,2110,f,27,1,8
63,2110,f,13,1,6
64,2110,f,10,0,5
65,2110,f,9,0,2
18,2110,m,44,7,30
19,2110,m,91,15,27
20,2110,m,140,15,59
21,2110,m,176,8,69
22,2110,m,234,13,90
23,2110,m,310,18,121
24,2110,m,370,19,143
25,2110,m,366,22,136
26,2110,m,407,23,156
27,2110,m,383,18,132
28,2110,m,382,15,117
29,2110,m,378,16,102
30,2110,m,309,10,93
31,2110,m,331,12,94
32,2110,m,270,15,86
33,2110,m,254,11,77
34,2110,m,223,5,73
35,2110,m,208,6,73
36,2110,m,197,11,69
37,2110,m,181,4,59
38,2110,m,222,10,85
39,2110,m,238,9,80
40,2110,m,183,3,61
41,2110,m,142,6,41
42,2110,m,157,3,61
43,2110,m,154,2,60
44,2110,m,164,9,65
45,2110,m,135,13,53
46,2110,m,126,5,38
47,2110,m,135,17,38
48,2110,m,145,13,62
49,2110,m,110,7,32
50,2110,m,103,6,40
51,2110,m,88,3,24
52,2110,m,99,5,27
53,2110,m,81,3,30
54,2110,m,57,6,20
55,2110,m,70,2,20
56,2110,m,56,2,21
57,2110,m,37,3,18
58,2110,m,40,2,14
59,2110,m,42,1,11
60,2110,m,31,1,9
61,2110,m,41,0,9
62,2110,m,21,2,7
63,2110,m,13,0,5
64,2110,m,12,0,3
65,2110,m,10,0,3
18,92411,f,83,7,51
19,92411,f,171,8,51
20,92411,f,205,21,69
21,92411,f,237,10,90
22,92411,f,264,19,99
23,92411,f,242,25,116
24,92411,f,275,23,105
25,92411,f,236,18,106
26,92411,f,255,24,119
27,92411,f,242,25,105
28,92411,f,262,28,114
29,92411,f,214,14,94
30,92411,f,173,13,70
31,92411,f,196,20,86
32,92411,f,165,6,64
33,92411,f,173,19,86
34,92411,f,164,6,60
35,92411,f,149,13,66
36,92411,f,148,4,53
37,92411,f,168,5,72
38,92411,f,166,11,63
39,92411,f,170,10,68
40,92411,f,173,16,69
41,92411,f,144,10,71
42,92411,f,140,8,49
43,92411,f,152,9,62
44,92411,f,156,10,66
45,92411,f,159,11,81
46,92411,f,157,10,69
47,92411,f,149,13,61
48,92411,f,169,9,74
49,92411,f,156,18,73
50,92411,f,124,9,56
51,92411,f,118,6,44
52,92411,f,121,12,55
53,92411,f,146,9,62
54,92411,f,92,5,42
55,92411,f,83,8,43
56,92411,f,83,8,36
57,92411,f,77,8,34
58,92411,f,60,1,25
59,92411,f,74,2,30
60,92411,f,45,1,17
61,92411,f,43,1,12
62,92411,f,34,2,12
63,92411,f,43,0,20
64,92411,f,23,0,6
65,92411,f,29,1,9
18,92411,m,93,19,45
19,92411,m,240,20,92
20,92411,m,349,31,107
21,92411,m,398,26,144
22,92411,m,467,34,193
23,92411,m,465,34,173
24,92411,m,500,27,182
25,92411,m,542,43,199
26,92411,m,485,36,172
27,92411,m,474,38,185
28,92411,m,489,38,191
29,92411,m,405,27,147
30,92411,m,378,21,147
31,92411,m,340,22,130
32,92411,m,308,22,105
33,92411,m,331,18,144
34,92411,m,258,12,104
35,92411,m,272,15,106
36,92411,m,243,15,83
37,92411,m,245,17,103
38,92411,m,260,15,100
39,92411,m,256,12,88
40,92411,m,249,16,104
41,92411,m,181,8,55
42,92411,m,205,12,72
43,92411,m,194,11,67
44,92411,m,189,8,55
45,92411,m,203,11,72
46,92411,m,180,12,63
47,92411,m,153,7,50
48,92411,m,179,7,61
49,92411,m,161,10,56
50,92411,m,141,6,49
51,92411,m,133,4,43
52,92411,m,128,8,44
53,92411,m,88,9,32
54,92411,m,92,6,33
55,92411,m,81,4,27
56,92411,m,89,7,25
57,92411,m,57,0,19
58,92411,m,55,0,18
59,92411,m,46,2,13
60,92411,m,53,5,19
61,92411,m,33,1,9
62,92411,m,32,5,9
63,92411,m,22,1,7
64,92411,m,22,0,8
65,92411,m,16,0,5
18,77004,f,15,0,11
19,77004,f,56,8,13
20,77004,f,68,2,12
21,77004,f,79,3,14
22,77004,f,93,3,22
23,77004,f,107,7,34
24,77004,f,118,9,43
25,77004,f,106,4,41
26,77004,f,131,9,39
27,77004,f,123,9,46
28,77004,f,142,14,54
29,77004,f,108,10,46
30,77004,f,89,5,32
31,77004,f,95,5,35
32,77004,f,84,8,30
33,77004,f,96,7,33
34,77004,f,76,8,33
35,77004,f,69,4,22
36,77004,f,93,7,40
37,77004,f,71,5,24
38,77004,f,96,6,40
39,77004,f,61,4,20
40,77004,f,74,1,31
41,77004,f,59,2,19
42,77004,f,56,4,25
43,77004,f,45,1,24
44,77004,f,54,2,22
45,77004,f,60,4,20
46,77004,f,58,5,21
47,77004,f,44,1,15
48,77004,f,55,0,19
49,77004,f,47,4,19
50,77004,f,45,1,17
51,77004,f,43,1,16
52,77004,f,53,1,18
53,77004,f,39,1,16
54,77004,f,42,4,15
55,77004,f,40,4,14
56,77004,f,44,3,17
57,77004,f,22,0,8
58,77004,f,23,0,9
59,77004,f,25,1,7
60,77004,f,15,0,9
61,77004,f,16,0,4
62,77004,f,9,1,5
63,77004,f,3,0,2
64,77004,f,10,1,0
65,77004,f,4,0,0
18,77004,m,27,6,12
19,77004,m,76,10,31
20,77004,m,102,10,36
21,77004,m,140,16,42
22,77004,m,185,8,56
23,77004,m,220,17,70
24,77004,m,285,22,110
25,77004,m,303,25,114
26,77004,m,311,27,113
27,77004,m,301,18,104
28,77004,m,347,20,108
29,77004,m,311,14,85
30,77004,m,237,12,79
31,77004,m,227,14,63
32,77004,m,207,18,68
33,77004,m,231,9,71
34,77004,m,204,14,50
35,77004,m,155,8,60
36,77004,m,147,11,52
37,77004,m,173,14,66
38,77004,m,173,10,56
39,77004,m,135,8,39
40,77004,m,129,4,44
41,77004,m,103,10,35
42,77004,m,101,3,27
43,77004,m,98,6,35
44,77004,m,104,4,38
45,77004,m,84,6,20
46,77004,m,100,9,32
47,77004,m,84,8,30
48,77004,m,100,5,27
49,77004,m,59,3,18
50,77004,m,77,6,29
51,77004,m,76,0,22
52,77004,m,65,2,24
53,77004,m,63,5,23
54,77004,m,62,4,21
55,77004,m,35,2,10
56,77004,m,36,4,12
57,77004,m,34,0,12
58,77004,m,37,4,8
59,77004,m,16,0,2
60,77004,m,17,2,5
61,77004,m,18,2,5
62,77004,m,19,0,4
63,77004,m,11,1,2
64,77004,m,9,0,2
65,77004,m,4,0,0
18,19130,f,25,5,11
19,19130,f,99,7,44
20,19130,f,127,15,51
21,19130,f,159,13,73
22,19130,f,194,17,69
23,19130,f,204,19,97
24,19130,f,200,15,92
25,19130,f,260,18,122
26,19130,f,228,18,107
27,19130,f,202,22,93
28,19130,f,222,15,94
29,19130,f,184,15,80
30,19130,f,177,15,74
31,19130,f,153,20,70
32,19130,f,131,13,53
33,19130,f,173,9,71
34,19130,f,184,14,78
35,19130,f,141,12,54
36,19130,f,137,17,57
37,19130,f,141,11,60
38,19130,f,150,12,58
39,19130,f,142,13,53
40,19130,f,175,10,73
41,19130,f,155,10,66
42,19130,f,148,15,66
43,19130,f,140,17,64
44,19130,f,134,17,60
45,19130,f,119,10,57
46,19130,f,133,8,46
47,19130,f,112,13,52
48,19130,f,140,13,64
49,19130,f,129,15,50
50,19130,f,116,11,45
51,19130,f,91,7,37
52,19130,f,120,13,59
53,19130,f,107,12,46
54,19130,f,76,6,30
55,19130,f,60,6,25
56,19130,f,66,3,28
57,19130,f,70,5,31
58,19130,f,60,3,25
59,19130,f,57,4,21
60,19130,f,52,1,14
61,19130,f,41,1,10
62,19130,f,33,1,14
63,19130,f,27,0,8
64,19130,f,19,2,5
65,19130,f,25,0,10
18,19130,m,28,3,17
19,19130,m,127,7,42
20,19130,m,192,22,77
21,19130,m,262,21,96
22,19130,m,324,19,111
23,19130,m,414,32,181
24,19130,m,404,23,174
25,19130,m,399,25,141
26,19130,m,438,25,159
27,19130,m,401,28,141
28,19130,m,458,28,177
29,19130,m,367,28,131
30,19130,m,387,26,134
31,19130,m,329,20,113
32,19130,m,295,24,102
33,19130,m,290,17,100
34,19130,m,281,22,97
35,19130,m,250,26,90
36,19130,m,249,16,93
37,19130,m,219,20,80
38,19130,m,267,22,89
39,19130,m,234,12,80
40,19130,m,213,17,74
41,19130,m,180,10,62
42,19130,m,196,19,74
43,19130,m,205,16,79
44,19130,m,218,21,82
45,19130,m,181,9,71
46,19130,m,160,4,49
47,19130,m,136,10,48
48,19130,m,188,12,72
49,19130,m,130,6,47
50,19130,m,122,6,49
51,19130,m,96,9,28
52,19130,m,119,8,42
53,19130,m,96,6,28
54,19130,m,85,6,35
55,19130,m,82,5,22
56,19130,m,68,1,23
57,19130,m,65,4,19
58,19130,m,55,2,15
59,19130,m,57,2,18
60,19130,m,38,3,18
61,19130,m,41,2,14
62,19130,m,34,1,6
63,19130,m,21,0,10
64,19130,m,15,1,3
65,19130,m,17,0,5
18,94102,f,10,2,6
19,94102,f,31,4,11
20,94102,f,37,3,10
21,94102,f,51,3,16
22,94102,f,53,5,23
23,94102,f,81,5,30
24,94102,f,90,4,30
25,94102,f,73,6,26
26,94102,f,82,4,36
27,94102,f,75,6,29
28,94102,f,94,5,30
29,94102,f,92,8,42
30,94102,f,66,6,27
31,94102,f,90,8,32
32,94102,f,80,7,36
33,94102,f,61,3,20
34,94102,f,67,1,34
35,94102,f,75,2,34
36,94102,f,66,1,28
37,94102,f,58,3,17
38,94102,f,84,8,34
39,94102,f,72,7,38
40,94102,f,71,1,21
41,94102,f,44,2,19
42,94102,f,34,1,10
43,94102,f,42,3,19
44,94102,f,39,2,16
45,94102,f,35,1,12
46,94102,f,31,1,13
47,94102,f,41,1,11
48,94102,f,39,2,18
49,94102,f,33,2,16
50,94102,f,26,3,9
51,94102,f,35,0,18
52,94102,f,29,0,8
53,94102,f,27,2,8
54,94102,f,24,2,7
55,94102,f,20,1,8
56,94102,f,22,2,9
57,94102,f,16,0,5
58,94102,f,27,0,9
59,94102,f,18,0,7
60,94102,f,17,0,10
61,94102,f,7,0,4
62,94102,f,12,0,5
63,94102,f,11,1,4
64,94102,f,5,0,1
65,94102,f,4,0,1
18,94102,m,12,5,9
19,94102,m,36,5,16
20,94102,m,73,6,22
21,94102,m,95,3,31
22,94102,m,113,9,39
23,94102,m,185,7,65
24,94102,m,190,13,74
25,94102,m,231,19,81
26,94102,m,239,13,89
27,94102,m,244,12,97
28,94102,m,275,6,82
29,94102,m,243,8,66
30,94102,m,246,9,91
31,94102,m,195,9,56
32,94102,m,206,7,69
33,94102,m,185,8,56
34,94102,m,209,10,55
35,94102,m,157,5,50
36,94102,m,165,9,59
37,94102,m,138,8,47
38,94102,m,177,6,55
39,94102,m,152,4,37
40,94102,m,118,4,38
41,94102,m,100,2,31
42,94102,m,115,5,34
43,94102,m,115,1,36
44,94102,m,86,3,27
45,94102,m,58,3,16
46,94102,m,63,2,25
47,94102,m,55,2,18
48,94102,m,77,0,18
49,94102,m,78,4,18
50,94102,m,48,3,11
51,94102,m,38,1,8
52,94102,m,42,1,13
53,94102,m,42,0,11
54,94102,m,33,2,8
55,94102,m,36,0,14
56,94102,m,30,1,7
57,94102,m,27,0,4
58,94102,m,30,0,7
59,94102,m,20,0,11
60,94102,m,17,0,6
61,94102,m,18,1,6
62,94102,m,16,1,3
63,94102,m,9,0,1
64,94102,m,4,0,1
65,94102,m,9,2,0
18,75215,f,26,3,13
19,75215,f,52,4,16
20,75215,f,69,6,18
21,75215,f,107,9,35
22,75215,f,106,7,31
23,75215,f,108,10,43
24,75215,f,121,2,40
25,75215,f,112,11,45
26,75215,f,109,11,44
27,75215,f,132,10,49
28,75215,f,116,6,47
29,75215,f,134,11,42
30,75215,f,94,7,39
31,75215,f,100,5,39
32,75215,f,91,3,38
33,75215,f,92,5,39
34,75215,f,102,8,46
35,75215,f,70,3,25
36,75215,f,99,4,30
37,75215,f,83,6,31
38,75215,f,90,3,34
39,75215,f,80,6,28
40,75215,f,89,9,31
41,75215,f,78,5,33
42,75215,f,74,6,36
43,75215,f,61,4,22
44,75215,f,66,2,17
45,75215,f,61,3,26
46,75215,f,65,4,23
47,75215,f,59,5,16
48,75215,f,51,1,16
49,75215,f,56,5,18
50,75215,f,53,1,16
51,75215,f,47,3,17
52,75215,f,45,1,19
53,75215,f,37,3,19
54,75215,f,51,1,14
55,75215,f,37,2,12
56,75215,f,37,2,14
57,75215,f,34,0,10
58,75215,f,23,0,7
59,75215,f,31,1,11
60,75215,f,12,1,4
61,75215,f,21,0,9
62,75215,f,11,0,3
63,75215,f,7,1,5
64,75215,f,7,0,0
65,75215,f,8,0,6
18,75215,m,24,3,11
19,75215,m,69,5,18
20,75215,m,109,12,31
21,75215,m,136,14,45
22,75215,m,181,21,60
23,75215,m,208,12,70
24,75215,m,196,17,65
25,75215,m,224,14,64
26,75215,m,231,16,73
27,75215,m,216,15,80
28,75215,m,258,12,84
29,75215,m,205,14,64
30,75215,m,204,13,60
31,75215,m,212,14,70
32,75215,m,151,5,45
33,75215,m,156,8,45
34,75215,m,169,12,51
35,75215,m,160,9,62
36,75215,m,143,9,50
37,75215,m,172,12,61
38,75215,m,157,9,56
39,75215,m,161,8,42
40,75215,m,120,8,43
41,75215,m,114,10,39
42,75215,m,96,7,33
43,75215,m,111,11,32
44,75215,m,109,6,32
45,75215,m,83,4,31
46,75215,m,82,7,23
47,75215,m,69,2,21
48,75215,m,96,9,33
49,75215,m,74,4,22
50,75215,m,62,3,17
51,75215,m,56,5,15
52,75215,m,41,4,11
53,75215,m,55,1,15
54,75215,m,37,0,10
55,75215,m,33,1,12
56,75215,m,37,2,17
57,75215,m,26,2,8
58,75215,m,26,2,4
59,75215,m,27,1,11
60,75215,m,17,0,2
61,75215,m,16,0,5
62,75215,m,13,1,4
63,75215,m,6,0,0
64,75215,m,12,0,3
65,75215,m,5,0,4
18,48226,f,13,2,8
19,48226,f,57,2,15
20,48226,f,69,8,21
21,48226,f,87,10,34
22,48226,f,71,6,22
23,48226,f,83,4,24
24,48226,f,77,10,30
25,48226,f,82,5,33
26,48226,f,81,12,37
27,48226,f,74,4,29
28,48226,f,94,6,42
29,48226,f,78,8,22
30,48226,f,74,5,27
31,48226,f,69,6,21
32,48226,f,57,6,19
33,48226,f,74,9,29
34,48226,f,58,3,23
35,48226,f,86,5,31
36,48226,f,74,6,32
37,48226,f,82,8,30
38,48226,f,79,5,28
39,48226,f,63,2,19
40,48226,f,69,6,26
41,48226,f,52,4,23
42,48226,f,66,4,16
43,48226,f,56,4,24
44,48226,f,53,5,20
45,48226,f,42,2,16
46,48226,f,51,5,15
47,48226,f,39,3,13
48,48226,f,52,3,13
49,48226,f,44,3,11
50,48226,f,44,7,14
51,48226,f,34,2,13
52,48226,f,39,5,16
53,48226,f,41,0,14
54,48226,f,22,1,11
55,48226,f,25,1,9
56,48226,f,36,2,16
57,48226,f,25,2,7
58,48226,f,31,0,6
59,48226,f,13,0,3
60,48226,f,17,3,5
61,48226,f,10,1,3
62,48226,f,9,0,2
63,48226,f,14,1,2
64,48226,f,7,0,2
65,48226,f,3,0,0
18,48226,m,16,4,10
19,48226,m,87,10,23
20,48226,m,92,7,26
21,48226,m,123,15,41
22,48226,m,169,14,50
23,48226,m,171,16,51
24,48226,m,179,19,65
25,48226,m,143,8,50
26,48226,m,143,9,49
27,48226,m,179,16,57
28,48226,m,160,16,52
29,48226,m,201,27,65
30,48226,m,151,13,56
31,48226,m,147,8,48
32,48226,m,132,11,33
33,48226,m,143,11,52
34,48226,m,132,12,36
35,48226,m,118,6,38
36,48226,m,116,4,27
37,48226,m,129,11,47
38,48226,m,119,7,37
39,48226,m,128,14,51
40,48226,m,106,5,37
41,48226,m,99,6,28
42,48226,m,78,5,21
43,48226,m,81,9,29
44,48226,m,80,5,24
45,48226,m,76,8,28
46,48226,m,71,9,30
47,48226,m,61,7,27
48,48226,m,61,4,18
49,48226,m,70,7,22
50,48226,m,62,4,16
51,48226,m,55,6,22
52,48226,m,41,8,21
53,48226,m,58,3,18
54,48226,m,43,0,11
55,48226,m,34,4,10
56,48226,m,27,3,11
57,48226,m,31,2,10
58,48226,m,29,0,13
59,48226,m,28,2,11
60,48226,m,21,0,6
61,48226,m,13,0,3
62,48226,m,20,2,3
63,48226,m,11,1,5
64,48226,m,6,0,1
65,48226,m,5,0,0
18,33130,f,16,1,12
19,33130,f,49,6,16
20,33130,f,56,4,22
21,33130,f,88,6,27
22,33130,f,92,6,38
23,33130,f,101,11,29
24,33130,f,78,7,32
25,33130,f,107,8,42
26,33130,f,104,10,51
27,33130,f,84,10,39
28,33130,f,89,7,38
29,33130,f,77,7,26
30,33130,f,77,3,34
31,33130,f,84,9,29
32,33130,f,66,7,27
33,33130,f,68,4,23
34,33130,f,57,5,25
35,33130,f,79,7,39
36,33130,f,58,4,30
37,33130,f,61,6,24
38,33130,f,76,9,39
39,33130,f,68,3,25
40,33130,f,59,6,25
41,33130,f,53,3,19
42,33130,f,55,3,29
43,33130,f,45,2,18
44,33130,f,56,4,25
45,33130,f,43,3,18
46,33130,f,70,4,32
47,33130,f,41,5,17
48,33130,f,59,2,30
49,33130,f,51,5,23
50,33130,f,48,4,24
51,33130,f,38,4,19
52,33130,f,29,1,8
53,33130,f,37,5,17
54,33130,f,37,2,13
55,33130,f,31,1,14
56,33130,f,30,0,7
57,33130,f,25,0,6
58,33130,f,19,1,8
59,33130,f,12,0,2
60,33130,f,10,0,3
61,33130,f,9,0,4
62,33130,f,13,0,6
63,33130,f,9,1,4
64,33130,f,9,1,5
65,33130,f,5,0,1
18,33130,m,30,6,14
19,33130,m,120,11,45
20,33130,m,138,9,48
21,33130,m,158,11,52
22,33130,m,216,8,72
23,33130,m,235,13,83
24,33130,m,224,13,78
25,33130,m,218,12,82
26,33130,m,225,8,77
27,33130,m,242,9,83
28,33130,m,257,16,91
29,33130,m,232,10,69
30,33130,m,194,12,65
31,33130,m,203,11,74
32,33130,m,188,11,61
33,33130,m,232,10,66
34,33130,m,172,8,45
35,33130,m,179,4,62
36,33130,m,187,8,62
37,33130,m,155,8,61
38,33130,m,160,7,56
39,33130,m,147,6,43
40,33130,m,121,2,38
41,33130,m,95,4,33
42,33130,m,118,3,37
43,33130,m,107,8,45
44,33130,m,107,8,37
45,33130,m,83,4,29
46,33130,m,72,4,21
47,33130,m,71,4,21
48,33130,m,84,8,28
49,33130,m,69,1,27
50,33130,m,50,1,14
51,33130,m,47,4,19
52,33130,m,47,3,16
53,33130,m,33,1,12
54,33130,m,31,2,8
55,33130,m,34,6,14
56,33130,m,34,2,13
57,33130,m,27,2,13
58,33130,m,24,1,6
59,33130,m,16,0,6
60,33130,m,16,0,3
61,33130,m,24,3,5
62,33130,m,4,0,3
63,33130,m,6,0,1
64,33130,m,5,0,0
65,33130,m,6,0,0
18,98102,f,15,0,10
19,98102,f,36,4,14
20,98102,f,49,3,16
21,98102,f,48,3,20
22,98102,f,85,3,36
23,98102,f,80,11,38
24,98102,f,113,13,55
25,98102,f,107,10,51
26,98102,f,145,12,71
27,98102,f,108,5,44
28,98102,f,122,8,49
29,98102,f,134,11,58
30,98102,f,99,7,35
31,98102,f,95,6,39
32,98102,f,82,2,34
33,98102,f,92,7,40
34,98102,f,92,6,36
35,98102,f,94,5,45
36,98102,f,89,1,39
37,98102,f,89,11,43
38,98102,f,99,7,39
39,98102,f,98,4,43
40,98102,f,81,2,24
41,98102,f,90,3,36
42,98102,f,69,8,32
43,98102,f,74,4,29
44,98102,f,91,6,44
45,98102,f,83,2,39
46,98102,f,72,3,22
47,98102,f,58,3,25
48,98102,f,66,8,27
49,98102,f,52,2,26
50,98102,f,53,1,18
51,98102,f,61,2,28
52,98102,f,64,2,23
53,98102,f,67,1,27
54,98102,f,48,0,23
55,98102,f,43,3,17
56,98102,f,37,1,14
57,98102,f,35,0,15
58,98102,f,35,1,15
59,98102,f,27,1,11
60,98102,f,31,0,10
61,98102,f,15,0,7
62,98102,f,19,0,4
63,98102,f,8,0,2
64,98102,f,13,0,6
65,98102,f,15,0,5
18,98102,m,13,2,8
19,98102,m,67,6,26
20,98102,m,103,10,38
21,98102,m,127,6,42
22,98102,m,187,8,77
23,98102,m,241,16,107
24,98102,m,293,12,112
25,98102,m,305,22,126
26,98102,m,374,22,145
27,98102,m,391,16,130
28,98102,m,361,15,123
29,98102,m,387,21,137
30,98102,m,323,14,94
31,98102,m,276,19,79
32,98102,m,273,21,78
33,98102,m,263,11,68
34,98102,m,279,6,90
35,98102,m,183,17,73
36,98102,m,195,7,60
37,98102,m,225,11,66
38,98102,m,249,21,63
39,98102,m,200,7,50
40,98102,m,181,8,55
41,98102,m,170,9,61
42,98102,m,160,6,55
43,98102,m,133,4,47
44,98102,m,146,8,46
45,98102,m,130,9,53
46,98102,m,112,10,42
47,98102,m,125,6,51
48,98102,m,144,5,45
49,98102,m,102,5,34
50,98102,m,110,9,40
51,98102,m,96,7,38
52,98102,m,81,1,28
53,98102,m,78,0,19
54,98102,m,70,2,25
55,98102,m,75,4,22
56,98102,m,63,0,24
57,98102,m,52,3,23
58,98102,m,53,4,21
59,98102,m,36,0,10
60,98102,m,36,2,13
61,98102,m,31,1,9
62,98102,m,27,3,8
63,98102,m,31,1,6
64,98102,m,15,1,3
65,98102,m,13,1,6
18,85003,f,23,3,15
19,85003,f,74,6,27
20,85003,f,98,6,36
21,85003,f,98,6,40
22,85003,f,128,8,47
23,85003,f,125,4,59
24,85003,f,143,14,66
25,85003,f,161,16,69
26,85003,f,152,9,62
27,85003,f,145,13,64
28,85003,f,150,7,57
29,85003,f,137,6,54
30,85003,f,113,10,47
31,85003,f,96,7,45
32,85003,f,107,7,34
33,85003,f,111,9,49
34,85003,f,105,10,49
35,85003,f,85,9,38
36,85003,f,97,8,34
37,85003,f,90,7,34
38,85003,f,133,9,43
39,85003,f,117,9,43
40,85003,f,106,8,42
41,85003,f,98,4,45
42,85003,f,110,6,41
43,85003,f,97,7,35
44,85003,f,105,11,50
45,85003,f,88,7,45
46,85003,f,100,6,37
47,85003,f,97,6,36
48,85003,f,108,11,45
49,85003,f,84,7,37
50,85003,f,89,8,41
51,85003,f,93,7,43
52,85003,f,78,5,29
53,85003,f,86,5,41
54,85003,f,71,4,31
55,85003,f,65,4,28
56,85003,f,54,4,19
57,85003,f,45,2,16
58,85003,f,67,6,27
59,85003,f,42,2,16
60,85003,f,36,2,20
61,85003,f,33,1,7
62,85003,f,26,1,5
63,85003,f,20,0,8
64,85003,f,16,2,7
65,85003,f,18,0,5
18,85003,m,47,6,19
19,85003,m,121,11,45
20,85003,m,163,21,58
21,85003,m,208,14,75
22,85003,m,261,19,91
23,85003,m,319,25,123
24,85003,m,329,21,127
25,85003,m,364,28,139
26,85003,m,350,25,146
27,85003,m,364,25,132
28,85003,m,343,22,121
29,85003,m,313,29,102
30,85003,m,277,21,115
31,85003,m,267,21,100
32,85003,m,248,19,96
33,85003,m,245,15,91
34,85003,m,209,17,73
35,85003,m,200,14,72
36,85003,m,207,18,80
37,85003,m,220,15,90
38,85003,m,212,11,89
39,85003,m,216,19,70
40,85003,m,168,9,62
41,85003,m,168,9,56
42,85003,m,147,14,60
43,85003,m,148,15,58
44,85003,m,155,11,60
45,85003,m,143,11,52
46,85003,m,133,11,45
47,85003,m,134,5,40
48,85003,m,149,8,54
49,85003,m,117,2,35
50,85003,m,106,7,37
51,85003,m,97,6,27
52,85003,m,80,5,28
53,85003,m,85,6,33
54,85003,m,89,8,37
55,85003,m,66,5,16
56,85003,m,57,0,21
57,85003,m,53,5,23
58,85003,m,62,4,21
59,85003,m,52,1,22
60,85003,m,40,3,15
61,85003,m,28,0,4
62,85003,m,24,2,10
63,85003,m,24,1,10
64,85003,m,14,1,6
65,85003,m,13,0,4
18,20024,f,19,2,11
19,20024,f,45,2,11
20,20024,f,52,1,10
21,20024,f,79,4,29
22,20024,f,85,4,32
23,20024,f,106,11,43
24,20024,f,133,8,78
25,20024,f,126,8,58
26,20024,f,156,8,62
27,20024,f,134,12,48
28,20024,f,131,5,46
29,20024,f,128,7,51
30,20024,f,106,3,43
31,20024,f,111,6,35
32,20024,f,84,4,33
33,20024,f,81,6,38
34,20024,f,92,4,31
35,20024,f,77,3,36
36,20024,f,73,2,26
37,20024,f,62,3,20
38,20024,f,72,7,28
39,20024,f,59,4,23
40,20024,f,63,4,25
41,20024,f,64,2,19
42,20024,f,47,2,14
43,20024,f,57,3,25
44,20024,f,43,0,19
45,20024,f,59,3,26
46,20024,f,52,3,16
47,20024,f,41,1,17
48,20024,f,57,6,18
49,20024,f,56,1,16
50,20024,f,42,2,14
51,20024,f,37,0,14
52,20024,f,43,2,18
53,20024,f,39,1,12
54,20024,f,35,3,12
55,20024,f,25,1,10
56,20024,f,29,1,10
57,20024,f,29,0,13
58,20024,f,30,1,12
59,20024,f,26,0,9
60,20024,f,21,0,3
61,20024,f,23,0,5
62,20024,f,13,0,3
63,20024,f,9,0,2
64,20024,f,4,0,2
65,20024,f,4,0,2
18,20024,m,19,4,9
19,20024,m,93,9,36
20,20024,m,133,15,44
21,20024,m,154,11,51
22,20024,m,184,10,71
23,20024,m,278,17,107
24,20024,m,299,18,116
25,20024,m,331,20,125
26,20024,m,337,23,133
27,20024,m,337,20,108
28,20024,m,354,19,93
29,20024,m,346,12,96
30,20024,m,298,11,86
31,20024,m,265,14,78
32,20024,m,250,13,71
33,20024,m,214,11,56
34,20024,m,233,11,70
35,20024,m,208,6,59
36,20024,m,167,7,50
37,20024,m,177,7,46
38,20024,m,208,9,58
39,20024,m,185,8,49
40,20024,m,156,5,63
41,20024,m,124,4,27
42,20024,m,112,1,32
43,20024,m,120,7,29
44,20024,m,121,5,35
45,20024,m,123,4,33
46,20024,m,98,0,35
47,20024,m,85,2,19
48,20024,m,94,3,25
49,20024,m,81,1,32
50,20024,m,78,3,30
51,20024,m,63,2,17
52,20024,m,50,0,18
53,20024,m,57,2,9
54,20024,m,54,3,14
55,20024,m,53,4,17
56,20024,m,30,0,6
57,20024,m,34,1,9
58,20024,m,23,0,7
59,20024,m,35,1,10
60,20024,m,26,3,9
61,20024,m,17,2,8
62,20024,m,12,0,4
63,20024,m,11,1,1
64,20024,m,9,0,2
65,20024,m,11,0,3
18,60616,f,29,5,18
19,60616,f,81,4,25
20,60616,f,101,5,24
21,60616,f,144,12,49
22,60616,f,186,5,66
23,60616,f,208,14,86
24,60616,f,241,21,98
25,60616,f,240,17,105
26,60616,f,256,20,111
27,60616,f,239,20,100
28,60616,f,249,21,97
29,60616,f,233,22,93
30,60616,f,213,12,87
31,60616,f,197,20,78
32,60616,f,150,16,64
33,60616,f,150,14,68
34,60616,f,135,9,58
35,60616,f,128,8,47
36,60616,f,132,16,57
37,60616,f,138,11,55
38,60616,f,116,5,42
39,60616,f,90,9,35
40,60616,f,108,7,41
41,60616,f,96,5,49
42,60616,f,93,13,48
43,60616,f,108,10,44
44,60616,f,81,7,29
45,60616,f,83,11,30
46,60616,f,72,3,25
47,60616,f,58,3,19
48,60616,f,76,5,32
49,60616,f,74,11,31
50,60616,f,74,6,25
51,60616,f,61,3,26
52,60616,f,53,2,19
53,60616,f,58,4,27
54,60616,f,51,2,18
55,60616,f,41,4,22
56,60616,f,37,3,9
57,60616,f,30,0,12
58,60616,f,30,2,4
59,60616,f,29,0,11
60,60616,f,26,1,7
61,60616,f,22,1,5
62,60616,f,11,0,4
63,60616,f,7,0,0
64,60616,f,11,0,2
65,60616,f,7,0,4
18,60616,m,46,8,27
19,60616,m,126,8,41
20,60616,m,199,15,54
21,60616,m,229,22,68
22,60616,m,330,28,114
23,60616,m,386,26,133
24,60616,m,476,31,174
25,60616,m,491,31,202
26,60616,m,517,40,173
27,60616,m,488,32,177
28,60616,m,500,26,155
29,60616,m,479,22,157
30,60616,m,419,26,116
31,60616,m,410,24,131
32,60616,m,311,18,86
33,60616,m,356,29,115
34,60616,m,270,16,84
35,60616,m,262,18,87
36,60616,m,268,15,88
37,60616,m,214,6,66
38,60616,m,245,13,81
39,60616,m,265,13,85
40,60616,m,228,7,76
41,60616,m,191,9,77
42,60616,m,166,8,53
43,60616,m,126,5,33
44,60616,m,170,12,58
45,60616,m,117,8,37
46,60616,m,106,5,40
47,60616,m,104,4,27
48,60616,m,125,4,38
49,60616,m,96,2,21
50,60616,m,96,6,31
51,60616,m,81,4,22
52,60616,m,71,5,17
53,60616,m,51,0,8
54,60616,m,64,4,24
55,60616,m,48,4,14
56,60616,m,41,4,18
57,60616,m,29,0,8
58,60616,m,42,1,13
59,60616,m,26,4,9
60,60616,m,20,1,3
61,60616,m,21,0,3
62,60616,m,19,1,5
63,60616,m,6,0,0
64,60616,m,4,0,3
65,60616,m,5,1,1
